variable,nombre,bloque,tipo,unidad,significado,disponible
persona_id,persona,identificador,identificador,código,"persona seudonimizada: entero asignado al azar, sin orden ni relación con documentos ni registros de personal; agrupa las filas de la misma persona y no es predictora",fijo
mes,mes,identificador,tiempo,AAAA-MM,"mes t de la fila; todas las variables se miden con lo que se sabía al inicio de t (o antes, si llevan rezago)",fijo
edad,edad (años),atributos,numérica discreta,años,"edad cumplida el día 1 del mes, desde la fecha de nacimiento del registro de personal",día 1 del mes t
antig_meses,antigüedad reconocida (meses),atributos,numérica discreta,meses,"antigüedad reconocida por la empresa: meses calendario desde la fecha de antigüedad del sistema de nómina, con continuidad en los traslados entre sociedades; una salida real seguida de recontratación la reinicia",día 1 del mes t
primer_mes,primer mes del episodio,atributos,binaria,0/1,1 en el primer mes de un episodio laboral (no hay mes anterior en la empresa),día 1 del mes t
reingreso,reingreso,atributos,binaria,0/1,1 si la persona tuvo un episodio laboral anterior en el grupo (historia desde 2010),día 1 del mes t
traslado_12m,traslado en 12 meses,atributos,binaria,0/1,1 si cambió de sociedad sin interrupción en alguno de los 12 meses anteriores,día 1 del mes t
sociedad,sociedad,atributos,categórica,código S01..S22,empresa del grupo que paga la nómina; código asignado al azar,día 1 del mes t
linea,línea de negocio,atributos,categórica,categoría,"línea de negocio de la sociedad: palma, banano, industrial, transporte, puerto, ganadería",día 1 del mes t
ubicacion,ubicación,atributos,categórica,código U001..U057,"ubicación de trabajo (finca, planta u oficina); código asignado al azar",día 1 del mes t
genero,género,atributos,categórica,categoría,"género registrado, con las correcciones verificadas",día 1 del mes t
estado_civil,estado civil,atributos,categórica,categoría,"unión libre, soltero, casado u otro",día 1 del mes t
contrato,tipo de contrato,atributos,categórica,categoría,"término fijo o indefinido, según la historia de contratos vigente ese día",día 1 del mes t
nivel,nivel del cargo,atributos,categórica,categoría ordenada,"nivel jerárquico de la función: operativo, auxiliar, asistente, coordinador, jefe, dirección o gerencia",día 1 del mes t
familia_cargo,familia de cargo,atributos,categórica,categoría,"tipo de trabajo, derivado del cargo del mes anterior; nulo en el primer mes del episodio",mes t-1 (cargo del mes anterior)
oficio,oficio,atributos,categórica,categoría,"cargo del mes anterior sin palabras de nivel (en campo, la labor); 41 oficios; nulo en el primer mes del episodio",mes t-1 (cargo del mes anterior)
tipo_unidad,tipo de unidad,atributos,categórica,categoría,"finca de palma o banano, hacienda ganadera, planta industrial o área funcional (oficina), desde la unidad organizativa",día 1 del mes t
area_funcional,área funcional,atributos,categórica,categoría,área de oficina de la unidad organizativa; no_aplica en fincas y plantas,día 1 del mes t
proceso_planta,proceso de planta,atributos,categórica,categoría,"proceso de planta desde el nombre del centro de costo, agrupado en extracción, transformación, empaque y servicios y otros; no_aplica fuera de planta",día 1 del mes t
tipo_costos,tipo de personal,atributos,categórica,categoría,"administrativo, operativo directo u operativo indirecto, según la regla contable del centro de costo",día 1 del mes t
meses_al_vencimiento,meses al vencimiento del contrato,contrato,numérica discreta,meses,meses calendario hasta la fecha de fin del contrato fijo vigente (0 = vence en el mes t; negativo = fecha ya pasada sin renovación registrada); nulo si el contrato no es fijo,día 1 del mes t
n_renovaciones,renovaciones del contrato fijo,contrato,numérica discreta,conteo,"fechas de fin distintas de los contratos fijos del episodio actual iniciados antes de t, menos una; 0 si el contrato no es fijo",día 1 del mes t
meses_desde_cambio_contrato,meses desde el último cambio de contrato,contrato,numérica discreta,meses,"meses desde el inicio del tramo de contrato vigente (renovación, prórroga o cambio de tipo)",día 1 del mes t
fue_aprendiz,fue aprendiz,contrato,binaria,0/1,1 si la persona tuvo meses como aprendiz antes de t,día 1 del mes t
meses_desde_aprendiz,meses desde el aprendizaje,contrato,numérica discreta,meses,meses desde el último mes como aprendiz; nulo si nunca lo fue,día 1 del mes t
ingreso_a_mitad,ingreso a mitad de mes,contrato,binaria,0/1,1 si el primer día activo del mes no es el día 1 (ingreso o reingreso dentro del mes),día 1 del mes t
meses_en_posicion,meses en la posición,trayectoria,numérica discreta,meses,meses seguidos en la misma posición dentro del episodio (1 = cambió este mes o es el primer mes),día 1 del mes t
meses_en_funcion,meses en la función,trayectoria,numérica discreta,meses,meses seguidos en la misma función dentro del episodio,día 1 del mes t
meses_desde_ascenso,meses desde el último ascenso,trayectoria,numérica discreta,meses (tope 12),"meses desde el último ascenso (subida de nivel, o cambio de posición o función con aumento de al menos 5 puntos sobre el reajuste del mínimo) del episodio, desde 2022; topada en 12 (12 = al menos 12); nulo si no hubo ninguno",día 1 del mes t
n_ascensos_24m,ascensos en 24 meses,trayectoria,numérica discreta,conteo,ascensos del episodio en los 24 meses que terminan en t; no cuentan las reclasificaciones masivas ni la salida del aprendizaje,día 1 del mes t
n_movimientos_laterales_12m,movimientos laterales en 12 meses,trayectoria,numérica discreta,conteo,cambios de posición en 12 meses que no son ascenso ni descenso (sin reclasificaciones masivas),día 1 del mes t
es_jefe_formal,es jefe formal,trayectoria,binaria,0/1,1 si la persona ocupa la posición que dirige su unidad organizativa,día 1 del mes t
personas_a_cargo,personas a cargo,trayectoria,numérica discreta,personas,personas que tienen a la persona como jefe inmediato en el mes (según la relación jefe-colaborador registrada),día 1 del mes t
tamano_equipo_jefe,tamaño del equipo del jefe,trayectoria,numérica discreta,personas,personas que comparten el mismo jefe inmediato en el mes; nulo si la persona no tiene evaluación que identifique al jefe (sobre todo ingresos recientes),día 1 del mes t
tipo_salario,tipo de salario,salario_relativo,categórica,categoría,"concepto del sueldo pactado vigente: básico, a destajo o integral",día 1 del mes t
posicionamiento,posicionamiento salarial,salario_relativo,numérica continua,razón,sueldo / mediana del sueldo del mismo oficio y nivel en el mes (1 = en la mediana); solo sueldo básico y grupos de 5 o más,día 1 del mes t
posicionamiento_local,posicionamiento salarial local,salario_relativo,numérica continua,razón,"sueldo / mediana del grupo más cercano con 5 o más personas en el mes (oficio, nivel y departamento; si no, nivel y departamento; oficio y nivel; nivel); solo sueldo básico",día 1 del mes t
gini_oficio_nivel,Gini del oficio y nivel,salario_relativo,numérica continua,índice 0-1,coeficiente de Gini del sueldo básico en el oficio y nivel en el mes (igual para todo el grupo); grupos de 5 o más,día 1 del mes t
privacion_oficio_nivel,privación relativa,salario_relativo,numérica continua,índice,"privación relativa de Yitzhaki: media de lo que ganan de más los compañeros del mismo oficio y nivel, sobre la media del grupo",día 1 del mes t
residuo_sueldo,residuo del sueldo,salario_relativo,numérica continua,log,"residuo de log(sueldo) sobre oficio x nivel, sociedad, ubicación y banda de antigüedad, ajustado mes a mes; negativo = pagado de menos dado el puesto",día 1 del mes t
en_mediana_local,en la mediana local,salario_relativo,binaria,0/1,1 si el sueldo es exactamente la mediana de su grupo local (cargo de tabla),día 1 del mes t
dist_mediana_local,distancia a la mediana local,salario_relativo,numérica continua,razón,|posicionamiento_local - 1|,día 1 del mes t
gana_minimo,gana el salario mínimo,salario_relativo,binaria,0/1,"1 si el sueldo básico es igual al salario mínimo del año (tolerancia 0,5 %)",día 1 del mes t
var_sueldo_smmlv_12m,variación del sueldo en mínimos (12 m),salario_relativo,numérica continua,proporción,"sueldo en salarios mínimos frente al de 12 meses antes, mismo tipo de concepto; negativo = creció menos que el mínimo",día 1 del mes t
situacion_minimo,situación frente al mínimo,salario_relativo,categórica,categoría,"ya_en_minimo, absorbida (ganaba más y hoy gana el mínimo), comprimida (gana más del mínimo pero menos mínimos que hace 12 meses) o igual_o_subio; solo sueldo básico con sueldo de 12 meses antes",día 1 del mes t
meses_desde_aumento_merito,meses desde el último aumento por mérito,salario_relativo,numérica discreta,meses,"meses desde el último aumento por mérito (fuera de enero, o en enero por encima del reajuste del mínimo más 1 punto); nulo si no hay ninguno",día 1 del mes t
pct_ultimo_aumento_merito,último aumento por mérito,salario_relativo,numérica continua,proporción,"tamaño del último aumento por mérito (0,10 = 10 %)",día 1 del mes t
n_aumentos_merito_24m,aumentos por mérito en 24 meses,salario_relativo,numérica discreta,conteo,aumentos por mérito en los 24 meses anteriores,día 1 del mes t
estado_gestion_tiempos,situación del control de tiempos,jornada,categórica,código,código de estado de la gestión de tiempos en el registro de tiempos (categórica),día 1 del mes t
horas_extra_1m,horas extra (mes anterior),jornada,numérica continua,horas,"horas extra pagadas (diurnas, nocturnas y festivas); vacío si la persona no es elegible para horas extra",cierre de nómina del mes t-1
recargo_nocturno_1m,recargo nocturno (mes anterior),jornada,numérica continua,horas,horas con recargo nocturno pagadas,cierre de nómina del mes t-1
dominicales_1m,dominicales y festivos (mes anterior),jornada,numérica continua,cantidad,dominicales y festivos laborados pagados (cantidad del concepto),cierre de nómina del mes t-1
sabados_smmlv_1m,"recargo de sábados (mes anterior, mínimos)",jornada,numérica continua,salarios mínimos,importe del recargo por sábados en salarios mínimos del año (el concepto no trae cantidad),cierre de nómina del mes t-1
horas_extra_3m,horas extra (media 3 m),jornada,numérica continua,horas por mes,media mensual de horas extra pagadas en los 3 meses anteriores; vacío si no es elegible,cierres de nómina de t-3 a t-1
recargo_nocturno_3m,recargo nocturno (media 3 m),jornada,numérica continua,horas por mes,media mensual de horas con recargo nocturno en los 3 meses anteriores,cierres de nómina de t-3 a t-1
dominicales_3m,dominicales y festivos (media 3 m),jornada,numérica continua,cantidad por mes,media mensual de dominicales y festivos pagados en los 3 meses anteriores,cierres de nómina de t-3 a t-1
sabados_smmlv_3m,"recargo de sábados (media 3 m, mínimos)",jornada,numérica continua,salarios mínimos por mes,media mensual del recargo por sábados en los 3 meses anteriores,cierres de nómina de t-3 a t-1
horas_extra_12m,horas extra (media 12 m),jornada,numérica continua,horas por mes,media mensual de horas extra en los 12 meses anteriores; vacío si no es elegible,cierres de nómina de t-12 a t-1
recargo_nocturno_12m,recargo nocturno (media 12 m),jornada,numérica continua,horas por mes,media mensual de horas con recargo nocturno en los 12 meses anteriores,cierres de nómina de t-12 a t-1
dominicales_12m,dominicales y festivos (media 12 m),jornada,numérica continua,cantidad por mes,media mensual de dominicales y festivos en los 12 meses anteriores,cierres de nómina de t-12 a t-1
sabados_smmlv_12m,"recargo de sábados (media 12 m, mínimos)",jornada,numérica continua,salarios mínimos por mes,media mensual del recargo por sábados en los 12 meses anteriores,cierres de nómina de t-12 a t-1
meses_con_extras_12m,meses con extras o recargos (12 m),jornada,numérica discreta,meses,"meses de los 12 anteriores con algún pago de horas extra, recargo, dominical o sábado",cierres de nómina de t-12 a t-1
pct_meses_con_extras_12m,% de meses con extras (12 m),jornada,numérica continua,%,meses con extras sobre los meses con nómina de la ventana (corrige que los nuevos tienen pocos meses detrás),cierres de nómina de t-12 a t-1
elegible_horas_extra,elegible para horas extra,jornada,binaria,0/1,"1 si cobró algún extra o recargo en 12 meses o no es personal administrativo (dirección, confianza y manejo no tienen horas extra por ley)",cierres de nómina de t-12 a t-1
turnos_1m,turnos marcados (mes anterior),jornada,numérica discreta,turnos,turnos del mes anterior en marcaciones biométricas (entrada seguida de salida a 20 h o menos); vacío si no marca,marcaciones del mes t-1
horas_turno_1m,horas por turno (mes anterior),jornada,numérica continua,horas,horas medias por turno marcado en el mes anterior (incluye el descanso de almuerzo),marcaciones del mes t-1
horas_turno_3m,horas por turno (3 m),jornada,numérica continua,horas,horas medias por turno marcado en los 3 meses anteriores,marcaciones de t-3 a t-1
pct_turnos_10h_3m,% de turnos de 10 h o más (3 m),jornada,numérica continua,%,porcentaje de turnos marcados de 10 horas o más en los 3 meses anteriores,marcaciones de t-3 a t-1
pct_turnos_12h_3m,% de turnos de 12 h o más (3 m),jornada,numérica continua,%,porcentaje de turnos marcados de 12 horas o más en los 3 meses anteriores,marcaciones de t-3 a t-1
pct_turnos_nocturnos_3m,% de turnos nocturnos (3 m),jornada,numérica continua,%,porcentaje de turnos nocturnos en los 3 meses anteriores,marcaciones de t-3 a t-1
domingos_3m,domingos marcados por mes (3 m),jornada,numérica continua,días por mes,"domingos con turno marcado, media mensual de los 3 meses anteriores",marcaciones de t-3 a t-1
pct_entradas_sin_salida_3m,% de entradas sin salida (3 m),jornada,numérica continua,%,porcentaje de marcaciones de entrada sin salida emparejada en los 3 meses anteriores,marcaciones de t-3 a t-1
marca_biometrico,marca en biométrico,jornada,binaria,0/1,1 si la persona tiene marcaciones biométricas el mes anterior (solo las sedes con biométrico),marcaciones del mes t-1
jornada_vs_pago,jornada frente a pago de extras,jornada,categórica,categoría,"turnos de 10 h o más (cortos < 10 %, algunos 10-30 %, largos >= 30 %) cruzado con si cobra horas extra (cobra, no_cobra, no_aplica); vacío si no marca",marcaciones de t-3 a t-1 y nómina
turnos_largos_sin_pago,turnos largos sin pago de extras,jornada,binaria,0/1,"1 si 30 % o más de los turnos son de 10 h o más y, siendo elegible, no cobra horas extra; vacío si no marca",marcaciones de t-3 a t-1 y nómina
ingreso_vs_pactado_3m,ingreso frente al pactado (3 m),ingreso_relativo,numérica continua,razón,devengado ordinario medio de los 3 meses anteriores / sueldo pactado (ambos en salarios mínimos); 1 = gana lo pactado,cierres de nómina de t-3 a t-1
pct_variable_3m,% variable del ingreso (3 m),ingreso_relativo,numérica continua,%,"parte variable por labor (destajo, tareas) sobre el devengado ordinario, 3 meses anteriores; acotada a 0-100",cierres de nómina de t-3 a t-1
volatilidad_ingreso_12m,volatilidad del ingreso (12 m),ingreso_relativo,numérica continua,coeficiente de variación,desviación estándar / media del devengado ordinario de los 12 meses anteriores (con 6 o más meses),cierres de nómina de t-12 a t-1
cambio_ingreso_3m_vs_9m,"cambio del ingreso, 3 m frente a 9 m",ingreso_relativo,numérica continua,%,"devengado ordinario medio de los últimos 3 meses frente a los 9 anteriores (base de al menos 6 meses y 0,3 mínimos)",cierres de nómina de t-12 a t-1
meses_con_ausencia_pagada_12m,meses con ausencia pagada (12 m),ingreso_relativo,numérica discreta,meses,meses de los 12 anteriores con algún pago por ausencia remunerada,cierres de nómina de t-12 a t-1
bono_fiesta_12m,bono de fin de año (12 m),ingreso_relativo,binaria,0/1,1 si recibió el bono de fin de año en los 12 meses anteriores,cierres de nómina de t-12 a t-1
bono_seleccionado_12m,"bono de fin de año adicional (12 m, mínimos)",ingreso_relativo,numérica continua,salarios mínimos,"bono adicional de fin de año, suma de 12 meses",cierres de nómina de t-12 a t-1
bonif_ocasional_12m,"bonificación ocasional (12 m, mínimos)",ingreso_relativo,numérica continua,salarios mínimos,"bono ocasional, suma de 12 meses",cierres de nómina de t-12 a t-1
meses_con_bpr_12m,meses con bonificación por resultado (12 m),ingreso_relativo,numérica discreta,meses,meses de los 12 anteriores con bonificación por resultado asignada a la persona,cierres de nómina de t-12 a t-1
bono_productividad_12m,"bono de productividad (12 m, mínimos)",ingreso_relativo,numérica continua,salarios mínimos,"bono de productividad, suma de 12 meses",cierres de nómina de t-12 a t-1
bonificacion_otra_12m,"otras bonificaciones (12 m, mínimos)",ingreso_relativo,numérica continua,salarios mínimos,"resto de bonificaciones pagadas, suma de 12 meses",cierres de nómina de t-12 a t-1
auxilio_educativo_12m,auxilio educativo (12 m),ingreso_relativo,binaria,0/1,1 si recibió auxilio educativo en los 12 meses anteriores,cierres de nómina de t-12 a t-1
auxilios_3m,"auxilios no salariales (media 3 m, mínimos)",ingreso_relativo,numérica continua,salarios mínimos por mes,"auxilios no salariales, media mensual de los 3 meses anteriores (negativo = reversión)",cierres de nómina de t-3 a t-1
dias_licencia_no_remunerada_3m_r2,"días de licencia no remunerada (3 m, rezago 2)",ausencias,numérica continua,días,días de licencia no remunerada en los 3 meses que terminan en t-2 (rezago doble: parte de la licencia del mes previo a la salida es trámite de la salida),registro de novedades de t-4 a t-2
dias_licencia_no_remunerada_12m_r2,"días de licencia no remunerada (12 m, rezago 2)",ausencias,numérica continua,días,días de licencia no remunerada en los 12 meses que terminan en t-2,registro de novedades de t-13 a t-2
licencias_no_remuneradas_12m,licencias no remuneradas (12 m),ausencias,numérica discreta,conteo,licencias no remuneradas iniciadas en los 12 meses anteriores,registro de novedades de t-12 a t-1
dias_licencia_remunerada_12m,días de licencia remunerada (12 m),ausencias,numérica continua,días,días de licencia remunerada en los 12 meses anteriores,registro de novedades de t-12 a t-1
dias_capacitacion_12m,días de capacitación (12 m),ausencias,numérica continua,días,días registrados como capacitación en los 12 meses anteriores,registro de novedades de t-12 a t-1
dias_compensatorio_12m,días compensatorios (12 m),ausencias,numérica continua,días,días compensatorios en los 12 meses anteriores,registro de novedades de t-12 a t-1
dia_familia_12m,días de la familia (12 m),ausencias,numérica discreta,conteo,días de la familia tomados en los 12 meses anteriores (beneficio legal semestral),registro de novedades de t-12 a t-1
meses_desde_vacaciones,meses desde las últimas vacaciones,vacaciones,numérica discreta,meses (2 a 12),"meses desde el último mes con pago de vacaciones en nómina (historia desde 2024), topada en 12; nulo si no hay vacaciones en la ventana",nómina hasta t-2 (rezago de dos meses)
dias_vacaciones_pendientes,vacaciones pendientes (días),vacaciones,numérica continua,días hábiles,saldo de vacaciones: días causados menos disfrutados menos compensados en dinero antes del día 1 del mes (sin bajar de 0),día 1 del mes t
periodos_vacaciones_pendientes,periodos de vacaciones pendientes,vacaciones,numérica discreta,periodos de 15 días,"saldo de vacaciones / 15, redondeado hacia abajo",día 1 del mes t
vacaciones_acumuladas_2p,dos periodos de vacaciones acumulados,vacaciones,binaria,0/1,1 si el saldo de vacaciones es de 30 días o más,día 1 del mes t
dias_vacaciones_compensadas_12m,vacaciones compensadas en dinero (12 m),vacaciones,numérica continua,días,días de vacaciones pagados en dinero en los 12 meses anteriores (fecha aproximada),día 1 del mes t
nacido_en_depto_sede,nacido en el departamento de la sede,arraigo,binaria,0/1,1 si el departamento de nacimiento es el de su sede (el de residencia más común en su ubicación); nulo si no hay dato de origen,perfil del trabajador (fijo)
postulaciones_internas_12m,postulaciones internas (12 m),arraigo,numérica discreta,conteo,"postulaciones a vacantes internas abiertas en los 12 meses anteriores, estando ya en la empresa",antes del día 1 del mes t
requisicion_promocion_12m,promociones por requisición (12 m),arraigo,numérica discreta,conteo,promociones o cambios tramitados por requisición en los 12 meses anteriores,antes del día 1 del mes t
meses_desde_postulacion,meses desde la última postulación,arraigo,numérica discreta,meses,meses desde la última postulación interna; nulo si nunca se postuló,antes del día 1 del mes t
cesantias_vivienda_12m,retiros de cesantías para vivienda (12 m),arraigo,numérica discreta,conteo,solicitudes de retiro de cesantías para vivienda en los 12 meses anteriores,antes del día 1 del mes t
cesantias_educacion_12m,retiros de cesantías para educación (12 m),arraigo,numérica discreta,conteo,solicitudes de retiro de cesantías para educación en los 12 meses anteriores,antes del día 1 del mes t
cesantias_vivienda_historico,retiros de cesantías para vivienda (histórico),arraigo,numérica discreta,conteo,solicitudes de retiro de cesantías para vivienda en toda la historia disponible,antes del día 1 del mes t
contrato_fijo,contrato a término fijo,descartada,binaria,0/1,DESCARTADA (capítulo 1): idéntica a contrato fila a fila. 1 si el contrato vigente es a término fijo (repite la información de contrato),día 1 del mes t
horas_bajo_legal,horas semanales bajo el máximo legal,descartada,numérica continua,horas,"DESCARTADA (capítulo 1): vale 0 en el 99,98 % de las filas. máximo legal semanal del mes (Ley 2101 de 2021) menos las horas semanales teóricas",día 1 del mes t
cambios_plan_12m,cambios de plan de horario (12 m),descartada,numérica discreta,conteo,"DESCARTADA (capítulo 1): sigue el calendario de la reducción legal de la jornada (reasignaciones masivas de planes cada julio), no a la persona. cambios del plan de horario en los 12 meses que terminan en t",día 1 del mes t
horas_diarias_teoricas,horas diarias teóricas,descartada,numérica continua,horas,"DESCARTADA (capítulo 5): sigue el calendario de la reducción legal de la jornada (46 a 44 horas semanales en jul-2025, 44 a 42 en jul-2026, dentro del test); no varía entre personas dentro de un mes. horas diarias del horario teórico vigente",día 1 del mes t
plan_horario,plan de horario,descartada,categórica,código,"DESCARTADA (capítulo 5): sus códigos se reemplazan con cada escalón de la reducción legal de la jornada (jul-2025, jul-2026); sigue el calendario, no a la persona. plan de horario de trabajo teórico vigente en el registro de tiempos (19 planes)",día 1 del mes t
preaviso_no_renovacion,preaviso de no renovación,sensibilidad,binaria,0/1,"1 si hay registrada, antes de t, una decisión de no renovar un contrato que termina en t o después; con preaviso la renuncia se reclasifica como no renovación, así que y = 0 por construcción: no es predictora, solo sensibilidad",día 1 del mes t
evento,evento del mes,desenlace,categórica,categoría,"ninguno, renuncia, otra_salida o renuncia_administrativa (traslado registrado como renuncia tras el cual la persona sigue el mes siguiente); describe el desenlace, no es predictora",fin del mes t
tipo_retiro,tipo de retiro,desenlace,categórica,categoría,"solo en las otras salidas: despido, fin_de_contrato u otra (pensión, fallecimiento, mutuo acuerdo); no es predictora",fin del mes t
y_renuncia,renuncia voluntaria,objetivo,binaria,0/1,variable objetivo: 1 en el último mes de un episodio que termina por renuncia voluntaria (sin las no renovaciones con preaviso); 0 en el resto,fin del mes t
